<?xml version="1.0" encoding="UTF-8"?>
<jobs xmlns="http://www.demandware.com/xml/impex/jobs/2015-07-01">
    <job job-id="Credova - Process Order Status" priority="0">
        <description/>
        <parameters/>
        <flow>
            <context site-id="RefArch"/>
            <step step-id="Process Order Status" type="custom.CredovaUpdateOrderStatus" enforce-restart="false">
                <description/>
                <parameters/>
            </step>
        </flow>
        <rules/>
        <triggers>
            <run-recurring enabled="false">
                <recurrence>
                    <date-from>2022-04-11Z</date-from>
                    <start-time>18:50:00.000Z</start-time>
                    <interval>60m</interval>
                    <day-of-week/>
                </recurrence>
            </run-recurring>
        </triggers>
    </job>
</jobs>
